f_a,tau,A,C,D,E
0.0,0.1,0.07260323520204572,0.5472955674913916,0.0,0.0
8.0,0.1,0.07260323520204572,1.0000000000000003e-05,0.7053937588217901,0.12759943181564892
16.0,0.1,0.07260323520204572,1.0000000000000003e-05,1.7261531070343794,-0.021681580786168612
32.0,0.1,0.07260323520204572,1.0000000000000003e-05,6.393271564526091,-0.009084937297235056
48.0,0.1,0.07260323520204572,0.5409648779167493,16.444107414057562,0.006524021810083344
64.0,0.1,0.07260323520204572,1.630753472524315,28.838887500834677,0.004976136987064708
72.0,0.1,0.07260323520204572,2.537953500378236,34.38325275885169,0.004344945036221178
80.0,0.1,0.07260323520204572,3.4555643318676745,39.907193929928056,0.00386999035974692
88.0,0.1,0.07260323520204572,4.395932973442918,46.16723857921896,0.003509674120818978
96.0,0.1,0.07260323520204572,5.356138062204515,51.270445253217524,0.0031740797469010044
104.0,0.1,0.07260323520204572,6.278745677805576,56.48219637020619,0.002920106306323673
0.0,1.0,0.07205726654311588,0.12588515678649953,0.0,0.0
8.0,1.0,0.07205726654311588,1.000000001508192e-05,1.0300893101730242,0.03274455297542138
16.0,1.0,0.07205726654311588,1.0000000000000003e-05,4.892897470987364,-0.01672905285711659
32.0,1.0,0.07205726654311588,1.2125344580875654,23.155613013608,0.008942237769439313
48.0,1.0,0.07205726654311588,3.1933613351375643,41.37893790499733,-0.005656135515004394
64.0,1.0,0.07205726654311588,5.475116420917287,55.43161376198838,-0.004197950610525519
72.0,1.0,0.07205726654311588,6.475927654881248,60.978691404010384,-0.0037812737551936623
80.0,1.0,0.07205726654311588,7.342238587892979,65.5475051073074,-0.0034561556277858123
88.0,1.0,0.07205726654311588,8.09924106024471,69.82369416623396,-0.003231433871006163
96.0,1.0,0.07205726654311588,8.575292047749583,73.45426880117702,-0.0030214280983554666
104.0,1.0,0.07205726654311588,9.095357535156053,76.4981373841032,-0.0028961762859251406
0.0,4.0,0.07245029893620916,0.35289725715646153,0.0,0.0
8.0,4.0,0.07245029893620916,1.0000000000003553e-05,6.499450731429145,0.029256286416530435
16.0,4.0,0.07245029893620916,1.587585653359364,29.418697523975975,0.013726361663685828
32.0,4.0,0.07245029893620916,4.587402664805352,52.72128313181454,-0.0070970132953523495
48.0,4.0,0.07245029893620916,5.119718366005655,57.10494434427729,-0.005572075137990798
64.0,4.0,0.07245029893620916,5.026853007795439,59.328213708286,-0.004844573495998511
72.0,4.0,0.07245029893620916,4.747467916927886,59.15971487348682,-0.004462862516210468
80.0,4.0,0.07245029893620916,4.680362304181808,59.96266879684701,-0.00417683812620088
88.0,4.0,0.07245029893620916,4.423640515189784,60.9329374717942,-0.0038763573723172243
96.0,4.0,0.07245029893620916,4.325802820225445,62.773144556039774,-0.0036181572237352047
104.0,4.0,0.07245029893620916,4.574979558611473,66.92110403163574,-0.003425838567034656
0.0,7.0,0.07260462377515602,0.20989383011255275,0.0,0.0
8.0,7.0,0.07260462377515602,0.3478321691054729,15.338789997602037,-0.02397649999068901
16.0,7.0,0.07260462377515602,2.6933295795270404,40.01918152944129,-0.011829277664914822
32.0,7.0,0.07260462377515602,4.2794744561703375,51.2952815359509,-0.007501644387387816
48.0,7.0,0.07260462377515602,3.8502648869490566,50.660558257952864,-0.006250632545229563
64.0,7.0,0.07260462377515602,3.2539838776240217,49.079352069442734,-0.005072722014909509
72.0,7.0,0.07260462377515602,3.0589623618640567,49.34919275972539,-0.00460328866792337
80.0,7.0,0.07260462377515602,3.0399698327518254,51.78176618522412,-0.004293563891390433
88.0,7.0,0.07260462377515602,3.421420396628054,57.920933476787155,-0.0040740789530688435
96.0,7.0,0.07260462377515602,4.143501096082455,67.48508586999561,-0.0039160846449979355
104.0,7.0,0.07260462377515602,4.859010531177087,76.10175319890307,-0.003679361397817295
0.0,10.0,0.07257115033703639,0.44609082141938533,0.0,0.0
8.0,10.0,0.07257115033703639,0.9950437810835411,23.874220604873678,-0.02239300477353417
16.0,10.0,0.07257115033703639,3.1226324079082053,43.676910672405505,-0.011523606359798108
32.0,10.0,0.07257115033703639,3.5408661674423887,46.85927092726427,-0.008327055644652758
48.0,10.0,0.07257115033703639,2.9389982509812143,45.04843126486172,-0.006565399868233925
64.0,10.0,0.07257115033703639,2.503640651944978,44.07960348288891,-0.005165906872540765
72.0,10.0,0.07257115033703639,2.515803935158033,46.47302280236335,-0.004761512695590937
80.0,10.0,0.07257115033703639,3.0083702329493627,53.90868187187353,-0.004588836806079016
88.0,10.0,0.07257115033703639,3.66824528317595,62.98449134504498,-0.004292122626457913
96.0,10.0,0.07257115033703639,4.54668768319713,73.95499867861463,-0.004072360347918224
104.0,10.0,0.07257115033703639,5.3269366929368696,83.16927192213022,-0.0037011020634420216
0.0,13.0,0.07266676924216085,0.40697328003181205,0.0,0.0
8.0,13.0,0.07266676924216085,1.7779385965287573,30.410162701782113,-0.021575761960797555
16.0,13.0,0.07266676924216085,3.206495290196234,44.18337525474172,0.01182623444018832
32.0,13.0,0.07266676924216085,3.041730990090769,43.79403334158564,0.008727751740134933
48.0,13.0,0.07266676924216085,2.5148511332532024,41.53972171173908,0.006739859418717066
64.0,13.0,0.07266676924216085,2.2757679048899933,42.63053261160731,0.005418790940490336
72.0,13.0,0.07266676924216085,2.4869209482252916,47.19909119833283,0.005028135860870587
80.0,13.0,0.07266676924216085,3.175490088768487,57.82186397721758,0.004783179311907759
88.0,13.0,0.07266676924216085,3.9508361683219544,68.24625899197565,0.004414784744585379
96.0,13.0,0.07266676924216085,4.837039613456923,78.9729630613722,0.004111027060245615
104.0,13.0,0.07266676924216085,5.652205414649898,87.6731066871439,0.0037383541512469648
0.0,19.0,0.07277345275555813,0.42913555541756826,0.0,0.0
8.0,19.0,0.07277345275555813,1.8948088254303932,34.46966971495836,-0.018961336829254632
16.0,19.0,0.07277345275555813,2.825678973122958,41.08313600793485,-0.012368663344145416
32.0,19.0,0.07277345275555813,2.5218026502272424,39.80613071555203,-0.009652625319850089
48.0,19.0,0.07277345275555813,2.1063277235567104,38.55356492134867,-0.007169557007318863
64.0,19.0,0.07277345275555813,2.2718924538482446,43.520346008787136,-0.005895258212834133
72.0,19.0,0.07277345275555813,2.814699880094514,51.84148148263535,-0.005444912826932701
80.0,19.0,0.07277345275555813,3.633049033422046,64.80733840187091,-0.005038281593723788
88.0,19.0,0.07277345275555813,4.386973233494391,74.91237260594139,-0.004519213279510878
96.0,19.0,0.07277345275555813,5.1013718060725886,84.03268421112288,-0.004046456936166761
104.0,19.0,0.07277345275555813,5.819569709118316,92.76314773273036,-0.003650535463132492
